bookID,title,authors,average_rating,isbn,isbn13,language_code,num_pages,ratings_count,text_reviews_count,publication_date,publisher
1,Harry Potter and the Half-Blood Prince,J.K. Rowling/Mary GrandPr√©,4.57,439785960,9.78044E+12,eng,652,2095690,27591,9/16/06,Scholastic Inc.
2, The Ultimate Hitchhiker's Guide: Five Complete Novels and One Story (Hitchhiker's Guide to the Galaxy  #1-5),Douglas Adams,4.38,517226952,9.78052E+12,eng,815,3628,254,11/1/05,Gramercy Books
21,A Short History of Nearly Everything,Bill Bryson,4.21,076790818X,9.78077E+12,eng,544,248558,9396,9/14/04,Broadway Books
22,Bill Bryson's African Diary,Bill Bryson,3.44,767915062,9.78077E+12,eng,55,7270,499,12/3/02,Broadway Books
23,Bryson's Dictionary of Troublesome Words: A Writer's Guide to Getting It Right,Bill Bryson,3.87,767910435,9.78077E+12,eng,256,2088,131,9/14/04,Broadway Books
24,In a Sunburned Country,Bill Bryson,4.07,767903862,9.78077E+12,eng,335,72451,4245,5/15/01,Broadway Books
25,I'm a Stranger Here Myself: Notes on Returning to America After Twenty Years Away,Bill Bryson,3.9,076790382X,9.78077E+12,eng,304,49240,2211,6/28/00,Broadway Books
26,The Lost Continent: Travels in Small Town America,Bill Bryson,3.83,60920084,9.78006E+12,eng,299,45712,2257,8/28/90,William Morrow Paperbacks
27,Neither Here nor There: Travels in Europe,Bill Bryson,3.86,380713802,9.78038E+12,eng,254,48701,2238,3/28/93,William Morrow Paperbacks
28,Notes from a Small Island,Bill Bryson,3.91,380727501,9.78038E+12,eng,324,80609,3301,5/28/97,William Morrow Paperbacks
29,The Mother Tongue: English and How It Got That Way,Bill Bryson,3.93,380715430,9.78038E+12,eng,270,28489,2085,9/28/91,William Morrow Paperbacks
30,J.R.R. Tolkien 4-Book Boxed Set: The Hobbit and The Lord of the Rings,J.R.R. Tolkien,4.59,345538374,9.78035E+12,eng,1728,101233,1550,9/25/12,Ballantine Books
31,The Lord of the Rings (The Lord of the Rings  #1-3),J.R.R. Tolkien,4.5,618517650,9.78062E+12,eng,1184,1710,91,10/21/04,Houghton Mifflin Harcourt
34,The Fellowship of the Ring (The Lord of the Rings  #1),J.R.R. Tolkien,4.36,618346252,9.78062E+12,eng,398,2128944,13670,9/5/03,Houghton Mifflin Harcourt
35,The Lord of the Rings (The Lord of the Rings  #1-3),J.R.R. Tolkien/Alan  Lee,4.5,618260587,9.78062E+12,en-US,1216,1618,140,10/1/02,Houghton Mifflin Harcourt
36,The Lord of the Rings: Weapons and Warfare,Chris   Smith/Christopher  Lee/Richard Taylor,4.53,618391002,9.78062E+12,eng,218,19822,46,11/5/03,Houghton Mifflin Harcourt
37,The Lord of the Rings: Complete Visual Companion,Jude Fisher,4.5,618510826,9.78062E+12,eng,224,359,6,11/15/04,Houghton Mifflin Harcourt
45,Agile Web Development with Rails: A Pragmatic Guide,Dave Thomas/David Heinemeier Hansson/Leon Breedt/Mike Clark/Thomas  Fuchs/Andreas  Schwarz,3.84,097669400X,9.78098E+12,eng,558,1430,59,7/28/05,Pragmatic Bookshelf
50,Hatchet (Brian's Saga  #1),Gary Paulsen,3.72,689840926,9.78069E+12,eng,208,270244,12017,4/1/00,Atheneum Books for Young Readers: Richard Jackson Books
51,"Hatchet: A Guide for Using ""Hatchet"" in the Classroom",Donna Ickes/Edward Sciranko/Keith Vasconcelles,4,1557344493,9.78156E+12,eng,48,36,2,8/28/94,Teacher Created Resources
53,Guts: The True Stories behind Hatchet and the Brian Books,Gary Paulsen,3.88,385326505,9.78039E+12,eng,144,2067,334,1/23/01,Delacorte Press
54,Molly Hatchet - 5 of the Best,Molly Hatchet,4.33,1575606240,9.78158E+12,eng,56,6,0,6/10/03,Cherry Lane Music Company
55,Hatchet Jobs: Writings on Contemporary Fiction,Dale Peck,3.45,1595580271,9.7816E+12,en-US,228,99,16,11/1/05,The New Press
57,A Changeling for All Seasons (Changeling Seasons #1),Angela Knight/Sahara Kelly/Judy Mays/Marteeka Karland/Kate Douglas/Shelby Morgen/Lacey Savage/Kate Hill/Willa Okati,3.76,1595962808,9.7816E+12,eng,304,167,4,11/1/05,Changeling Press
58,Changeling (Changeling  #1),Delia Sherman,3.6,670059676,9.78067E+12,eng,256,978,111,8/17/06,Viking Juvenile
59,The Changeling Sea,Patricia A. McKillip,4.06,141312629,9.78014E+12,eng,137,4454,302,4/14/03,Firebird
61,The Changeling,Zilpha Keatley Snyder,4.17,595321801,9.7806E+12,eng,228,1176,96,6/8/04,iUniverse
63,The Changeling,Kate Horsley,3.55,1590301943,9.78159E+12,eng,339,301,43,4/12/05,Shambhala
66,The Changeling (Daughters of England  #15),Philippa Carr,3.98,449146979,9.78045E+12,eng,369,345,12,8/28/90,Ivy Books
67,The Known World,Edward P. Jones,3.83,61159174,9.78006E+12,eng,388,29686,2626,8/29/06,Amistad
68,The Known World,Edward P. Jones/Kevin R. Free,3.83,006076273X,9.78006E+12,en-US,14,55,12,6/15/04,HarperAudio
69,The Known World,Edward P. Jones,3.83,60749911,9.78006E+12,eng,576,22,3,6/15/04,Harper
71,Traders  Guns & Money: Knowns and Unknowns in the Dazzling World of Derivatives,Satyajit Das,3.83,273704745,9.78027E+12,eng,334,1456,82,5/15/06,FT Press
72,Artesia: Adventures in the Known World,Mark Smylie,4.13,1932386106,9.78193E+12,eng,352,52,4,12/14/05,Archaia
74,The John McPhee Reader (John McPhee Reader  #1),John McPhee/William Howarth,4.42,374517193,9.78037E+12,eng,416,562,37,6/1/82,Farrar  Straus and Giroux
75,Uncommon Carriers,John McPhee,3.95,374280398,9.78037E+12,en-US,248,1630,203,5/16/06,Farrar Straus Giroux
76,Heirs of General Practice,John McPhee,4.17,374519749,9.78037E+12,eng,128,268,22,4/1/86,Farrar  Straus and Giroux
77,The Control of Nature,John McPhee,4.24,374522596,9.78037E+12,en-US,288,3498,305,9/1/90,Farrar  Straus and Giroux
78,Annals of the Former World,John McPhee,4.34,374518734,9.78037E+12,eng,720,3115,228,1/6/99,Farrar  Straus and Giroux
79,Coming Into the Country,John McPhee,4.22,374522871,9.78037E+12,eng,448,5704,261,4/1/91,Farrar  Straus and Giroux
80,La Place de la Concorde Suisse,John McPhee,3.92,374519323,9.78037E+12,fre,160,698,52,4/1/94,Farrar  Straus and Giroux
81,Giving Good Weight,John McPhee,4.23,374516006,9.78037E+12,eng,288,542,36,4/1/94,Farrar  Straus and Giroux
83,Rising from the Plains,John McPhee,4.23,374520658,9.78037E+12,eng,208,1341,98,11/1/87,Farrar  Straus and Giroux
85,The Heidi Chronicles,Wendy Wasserstein,3.75,822205106,9.78082E+12,eng,81,1423,70,3/1/02,Dramatists Play Service
86,The Heidi Chronicles: Uncommon Women and Others & Isn't It Romantic,Wendy Wasserstein,3.84,679734996,9.78068E+12,eng,249,2766,64,7/2/91,Vintage
89,Active Literacy Across the Curriculum: Strategies for Reading  Writing  Speaking  and Listening,Heidi Hayes Jacobs,3.94,1596670231,9.7816E+12,eng,138,31,1,3/29/06,Routledge
90,Simply Beautiful Beaded Jewelry,Heidi Boyd,3.77,1581807740,9.78158E+12,en-US,128,62,4,3/14/06,North Light Books
91,Always Enough: God's Miraculous Provision Among the Poorest Children on Earth,Heidi Baker/Rolland Baker,4.46,800793617,9.7808E+12,eng,192,860,53,9/1/03,Chosen Books
92,Mapping the Big Picture: Integrating Curriculum & Assessment K-12,Heidi Hayes Jacobs,3.68,871202867,9.78087E+12,en-US,108,77,2,1/28/97,Association for Supervision & Curriculum Development
93,Heidi (Heidi  #1-2),Johanna Spyri/Beverly Cleary/Angelo  Rinaldi,3.99,753454947,9.78075E+12,eng,352,153317,2257,11/15/02,Kingfisher
94,Getting Results with Curriculum Mapping,Heidi Hayes Jacobs,3.25,871209993,9.78087E+12,eng,192,55,5,11/15/04,ASCD
96,There's Always Enough: The Miraculous Move of God in Mozambique,Rolland Baker/Heidi Baker,4.46,1852402873,9.78185E+12,eng,192,34,6,4/28/03,Sovereign World
98,What to Expect the First Year (What to Expect),Heidi Murkoff/Sharon Mazel/Arlene Eisenberg/Sandee Hathaway/Mark D. Widome,3.89,761129588,9.78076E+12,eng,832,11797,659,10/16/03,Workman Publishing Company
99,The Player's Handbook: The Ultimate Guide on Dating and Relationships,Heidi Fleiss/Libby Keatinge,3.82,972016414,9.78097E+12,eng,123,34,8,5/10/04,One Hour Entertainment
100,Simply Beautiful Beading: 53 Quick and Easy Projects,Heidi Boyd,3.78,1581805632,9.78158E+12,en-US,128,78,4,8/19/04,North Light Books